"FSC-A","SSC-A","SSC-W","mCherry-A","Time"
144451,115398,92185.2,3627,0.331208
169475,207291,119754,3932.04,0.707445
186260,231096,113900,4101.3,0.88956
215343,213970,107529,3936.69,1.36586
183958,156609,98891.1,3844.62,1.48493
59560.6,83145.7,81509,2230.14,1.62102
100252,157865,105790,4055.73,1.68006
194239,173279,100710,3999,2.19738
205291,162085,96573.3,3942.27,3.55624
172438,182941,101289,3814.86,4.07456
114916,132877,97368.3,2171.55,4.10258
160237,161556,101128,3649.32,4.773
213244,218457,113688,4104.09,4.96012
156714,152446,108139,3906.93,5.2393
180243,189041,101896,4059.45,5.46744
87460.6,123605,97728.1,3574.92,5.69158
201198,212428,108541,3672.57,5.69858
75278.2,103475,92238.4,1966.95,6.02879
88951,118825,96742.6,3801.84,6.18589
172030,128007,91448.8,3702.33,6.86031
72694.1,86569.6,90439,3313.59,7.08646
207809,171947,98979.6,3888.33,7.13649
133669,137001,98176.4,2333.37,7.43267
163398,170794,88281.7,2786.28,7.50672
180549,183170,99235.3,3745.11,7.76388
215602,187712,107275,3978.54,7.88396
184478,184942,106375,3662.34,8.4193
211943,175336,97720.9,3906.93,8.67145
203004,151971,95405.6,3931.11,8.68046
89385.8,105233,85458.9,3906.93,9.44094
220126,220855,103613,3772.08,9.545
241167,202081,100788,4014.81,9.57102
203322,194932,107111,3943.2,9.67208
204661,189169,103248,3613.98,10.0843
237943,191249,99545.5,4023.18,10.1044
90474.5,165510,108973,3836.25,10.1504
211712,208354,104470,3938.55,10.1604
201138,201972,104555,3901.35,10.4726
215018,134455,94097.6,3720.93,10.8578
82722.2,132603,99955,3734.88,11.13
61560.7,105281,96645.6,3582.36,11.2271
77720.4,94190,87868.3,3175.95,11.2921
240422,183753,97451.4,4209.18,11.5493
184735,170403,107619,3943.2,11.7264
144722,162129,102177,3883.68,12.0636
152798,162048,99144.5,3829.74,12.2717
124691,156124,95265.9,3976.68,12.3988
167389,155762,93274.2,3925.53,13.0512
241116,212281,103186,3860.43,13.1453
103056,102977,81541.7,3985.05,13.3954
230117,236505,117993,4405.41,13.5115
191652,123655,86523.1,3809.28,13.7717
89313.8,122963,103176,3448.44,14.316
199715,212217,112772,3890.19,14.7113
164792,187397,106114,3705.12,15.5108
171388,144340,97592.5,3819.51,15.5128
113401,143946,105576,3970.17,15.5128
198348,216586,102442,4043.64,15.5798
160206,126629,92813.9,3365.67,15.7199
187781,227900,114762,3858.57,16.0111
170101,143359,92536.6,2406.84,16.1522
150608,168973,104111,3979.47,17.1948
149007,127331,87433.4,3423.33,17.498
169444,143607,96287.7,3880.89,18.0614
198279,162722,94454.2,3922.74,18.3856
216441,186418,97380.6,3794.4,18.6948
118976,148173,113097,3687.45,18.9539
107484,94371.5,87705.5,1810.71,19.128
71651.5,129916,106350,3929.25,19.4722
190886,186162,108524,4048.29,19.5213
175247,133908,88396.9,3832.53,19.7154
202839,206532,97676,4296.6,19.8175
107531,124167,91410.1,1771.65,20.0096
169533,149538,90493.3,2085.99,20.1217
113553,94264,85728.5,2218.05,20.1337
134860,138312,97443.7,3852.99,20.7951
150680,142137,94875,3496.8,21.1073
88653.6,143876,107964,4084.56,21.2033
222108,157572,92833.9,3773.01,21.7167
160779,136702,96986.5,3774.87,21.8007
219678,233060,108386,4194.3,21.8577
82672.6,107517,92039.9,1926.96,22.222
114903,143387,94204.8,1920.45,22.246
200732,162220,88984.5,2000.43,22.3691
212429,158595,96152.5,3852.99,22.3821
214786,212418,106617,3895.77,22.9825
164426,148645,94515.1,3567.48,22.9865
128639,119802,97829.1,3565.62,23.0285
180243,120375,90522.2,3775.8,23.0485
186750,163510,103021,3892.05,23.1756
139775,117222,95736.3,3499.59,23.2006
185193,223406,110860,3997.14,23.2316
160264,132629,100655,3658.62,23.3817
199932,177934,96477.7,3895.77,24.0922
221774,226292,109293,4162.68,24.2012
166111,162565,107718,3793.47,24.3303
150026,167246,102655,3870.66,25.0888
138097,105995,87745.5,3385.2,26.4426
231623,202540,103747,4031.55,26.5567
215474,154956,91891.2,4007.37,26.948
176288,156435,99102.1,3774.87,27.7995
188602,195983,100958,4215.69,27.8025
220628,175255,94140.5,4083.63,27.9786
138770,98422,89308,3558.18,28.682
102503,126946,85580.4,1884.18,28.9942
173706,143369,89408.1,3854.85,29.0823
199243,183426,109034,2465.43,29.5236
108398,133012,100266,3909.72,29.5376
156835,165440,97746.7,3917.16,29.6056
159278,222537,114234,3906.93,29.7757
141312,110223,86433.4,3567.48,29.9128
226216,188635,118757,3811.14,30.1279
130022,162523,110671,3103.41,30.4742
250419,173617,96315,3791.61,30.6953
150237,171987,112424,4092,30.8194
99989.3,146042,96434,4038.06,30.8324
244733,184165,95657.8,3983.19,30.9665
129648,101813,81704.8,2898.81,31.0846
107139,135308,107930,3970.17,31.1086
187914,206249,105936,3765.57,32.4174
191910,192259,101851,4155.24,32.5395
152695,167911,112341,3918.09,32.9357
140293,129235,89033,2378.94,33.1759
77118.5,92234.5,92071.5,3694.89,33.2099
200946,185826,109955,3837.18,33.2629
115399,118212,95536,3735.81,33.2869
160826,129870,88013.3,2680.26,33.312
171953,179623,111660,3584.22,33.464
151124,124414,86813.4,2391.03,33.5211
208663,201664,109401,4093.86,33.9854
183476,226678,116382,1913.01,33.9974
148782,151505,94816.8,2669.1,34.3076
224688,153678,96406,3702.33,34.3886
126497,146627,102050,3905.07,34.4957
199768,139156,89411.8,3882.75,35.013
198176,187303,100265,4039.92,35.2252
190171,184191,104525,3857.64,35.3983
203762,209083,112077,3909.72,35.4523
157294,144178,102235,3915.3,35.5544
184673,163068,98825.5,3774.87,35.7935
102358,96022.9,88066.3,4184.07,35.9366
203903,132182,91077.5,3934.83,35.9996
174408,176195,109497,3627,36.6631
134211,181508,98100.8,4041.78,37.1874
223587,212435,106695,4236.15,37.2965
180508,211743,108722,3997.14,37.3175
169566,132831,90892.2,3794.4,38.0569
171940,213684,117954,4238.94,38.0599
162922,157718,103806,3985.98,38.5092
157252,132556,91296.3,3510.75,38.5643
227300,226082,111072,4050.15,38.6553
210737,221802,112574,3880.89,38.7824
253770,226058,108954,4158.03,39.0275
136468,114261,86921.6,2152.95,39.1286
189222,184988,111620,3883.68,39.2907
192590,158627,89180.7,3874.38,39.3157
177965,167207,96491.7,3623.28,40.2603
142283,142166,100076,3915.3,40.4584
177715,139380,91056,3056.91,40.7146
198824,191206,101178,3924.6,40.9207
193163,168118,90117.9,2141.79,41.0638
125211,161610,85242.4,2541.69,41.1909
169549,153385,97184,3813.93,41.2009
195643,152954,92286.6,3835.32,42.0054
136454,110631,85507.7,2374.29,42.0625
214497,240781,113677,4240.8,42.0795
162148,179159,113911,3787.89,42.2336
237958,209458,99609.3,4017.6,42.7259
103027,160720,115396,3658.62,42.7599
147006,146751,94586.3,2054.37,42.876
171564,161897,100642,4059.45,43.2032
202802,170607,96374,4006.44,44.3629
203198,156195,96090,3760.92,44.4089
204307,155997,97414.3,3809.28,44.4189
233146,170491,97142.5,3806.49,44.6611
180156,141995,96708.8,4008.3,44.6651
93206.9,125205,95910.2,3868.8,44.9553
223116,192753,100286,4141.29,45.4226
165591,202960,109727,3999,45.5767
72108.7,128981,109997,4086.42,45.7568
234859,175256,93611.5,3722.79,45.7738
196371,188447,99668.2,3406.59,46.2121
151265,118298,89536.4,3575.85,46.2401
147280,185878,109876,4078.98,46.2521
184450,164474,95768.6,3504.24,46.2551
155786,135232,93633.9,3959.01,46.4152
137759,137419,92477.2,3708.84,46.4892
191525,164588,94493.5,3666.99,47.0046
64797.1,60276.7,79908.9,1841.4,47.1487
105465,145194,106540,3867.87,47.1647
103354,143128,96665.8,3833.46,47.2477
180868,195232,106076,3863.22,47.3478
181680,150615,97922.4,3895.77,47.4418
142732,149558,104719,3534.93,47.7871
213442,207996,103434,3958.08,48.2193
158507,173852,104310,4168.26,48.8887
191768,181640,97955.6,4032.48,49.288
178609,179761,106570,3305.22,49.4261
133794,178933,108795,3613.05,49.7883
69142.3,103453,91961.7,3944.13,50.2056
170837,155523,95241.7,3582.36,50.4387
156549,175206,106740,4077.12,50.6659
187080,212921,108729,3871.59,50.7589
164829,135257,89671.3,3748.83,51.5654
91274.4,90914,88919.5,2825.34,51.7976
189578,182192,91470.6,3985.98,51.9867
209134,228502,117381,3912.51,51.9917
115369,153106,104286,3813.93,52.8142
240175,195822,94451.6,4226.85,53.0984
213120,176476,95654.6,4067.82,53.1464
201547,170654,96523.2,3782.31,53.2835
174915,176391,102529,3894.84,53.4246
241692,230409,103593,4095.72,53.4666
188824,151500,93129.3,3821.37,53.6908
138416,158302,98191.2,3702.33,54.1451
186892,155957,91301.9,4063.17,54.4062
223457,181932,98194,4109.67,54.6974
124862,116264,93599.9,3573.06,54.9626
138416,103275,88246.8,3558.18,54.9826
167567,147300,98900.1,3792.54,55.0867
229305,163684,91431.5,3963.66,55.2467
216184,184519,98741,4179.42,55.2908
189119,141068,92345.9,3851.13,56.1953
137572,142729,104711,3627.93,56.3104
162184,158222,99087.1,3913.44,56.3975
210383,191401,106886,3826.95,56.7147
174293,153355,101465,3664.2,57.5192
110748,115420,90251.7,3648.39,57.6172
181106,133845,90112.6,3829.74,58.0095
208547,191158,107478,4117.11,58.7049
164483,127966,90067,2590.98,58.871
66294,74311.4,90375.7,3441,60.1538
108928,135193,105504,1984.62,60.5381
179472,167031,99964.6,3891.12,60.6251
221689,168672,97137.8,3983.19,61.3086
181591,172550,99000.7,3942.27,61.3416
209285,163803,93932.8,3905.07,61.8249
162637,118387,87872.5,3812.07,62.1961
179124,154344,100146,3872.52,62.3102
169669,174670,95622.8,2898.81,62.9476
202109,154006,98465.1,3632.58,63.1227
149122,156104,102638,2590.05,63.1747
149384,200140,109453,4209.18,63.2978
83911.7,170149,115405,2062.74,63.3899
183228,139343,85679.3,1986.48,63.546
143798,134926,89730.6,3923.67,63.599
168324,184794,110495,4017.6,63.609
224198,162027,93226.4,4113.39,64.0313
151585,149355,100021,3786.03,64.1233
142801,178793,112090,3916.23,64.7077
141601,140351,97416.5,3852.06,64.7577
127398,165660,115436,3607.47,65.181
166722,142084,97202.8,3328.47,65.226
127967,207423,117236,4222.2,65.4342
139866,154542,104499,3705.12,65.4442
124112,144980,91886.2,3255,65.5632
220790,208129,102125,4042.71,65.7504
102602,137062,96902.7,2010.66,65.8164
152092,159555,99102.7,3841.83,66.0045
214505,186208,97776.7,3803.7,66.9821
188639,164790,92723.9,3772.08,67.4874
198023,213079,105757,4029.69,68.2019
205733,215485,113690,3774.87,68.6562
211366,186194,95149.4,3807.42,68.7693
187767,145767,89918,3977.61,68.8803
123129,120127,93540.2,2689.56,69.0354
178132,168568,95689.5,3820.44,69.1535
159311,142761,91987.5,3678.15,69.7249
171865,132943,87131.4,3863.22,69.7349
110709,116150,102223,3502.38,69.7629
150153,223033,116248,3983.19,70.009
207375,171162,96535.7,3737.67,70.1881
170350,190857,103702,3635.37,71.1277
214049,164832,96495.7,3795.33,71.8492
189005,136780,86949.7,3046.68,72.1434
198606,181018,97956.5,3849.27,73.3241
129574,106470,83515.3,1921.38,73.7444
190606,179973,100599,3870.66,73.9595
161330,148607,100010,3876.24,75.0602
146361,121509,86866,2803.02,75.7737
218597,201959,102281,3970.17,76.4841
184488,201660,116147,3928.32,76.5902
160075,150935,94545.3,3737.67,77.5238
87313.7,106327,92497,3967.38,77.8179
118479,94017,83482.3,2062.74,79.492
215230,179899,101795,3786.03,79.6551
170155,190011,111556,3799.05,83.8257
92360.2,108775,96228.1,3797.19,83.9988
182987,157503,89812.4,3758.13,84.217
168996,170664,101981,3806.49,84.27
164611,140062,99451.5,3775.8,85.0925
221643,196442,96637.1,4092.93,85.4217
195459,228835,106862,3716.28,85.6619
214461,177936,98194.9,3900.42,85.7039
184746,149448,94214.9,3721.86,85.9971
170940,159920,90695.7,3903.21,86.3463
178451,160025,102481,3753.48,87.0668
195410,194982,97337.8,3975.75,87.7212
197543,161069,94283.8,3834.39,88.3416
150881,109434,86494.1,2177.13,89.6754
149781,122901,88293.2,1943.7,91.4985
189237,213084,118029,4054.8,91.5406
161630,125745,90714.4,3609.33,91.8067
135135,152502,108746,3633.51,91.8418
164194,156332,100294,3742.32,92.0239
183438,195255,99963.8,3492.15,92.2961
213842,177642,106841,3771.15,92.3391
63725.8,65084,78738.6,1854.42,92.3841
199461,184172,97603.8,4004.58,93.7179
150099,177946,108139,3756.27,94.7646
252997,223956,99687.3,3479.13,94.8957
176975,118097,85452.7,2170.62,95.2079
213803,169184,94038.2,3666.99,95.8903
200465,224837,104482,3518.19,95.9353
172015,142737,97012.3,3616.77,96.2655
49564.1,69533.5,84619.9,1773.51,97.1311
224271,203114,105725,4171.05,97.6334
141826,156116,99316.6,3675.36,97.6854
203342,189826,95021.6,4069.68,97.7265
146447,166458,107185,3693.96,97.7805
210848,206543,102856,3966.45,97.8625
155543,173751,101982,3717.21,98.2278
202833,181726,102959,3626.07,98.6551
199392,238893,119486,3799.05,99.0703
186224,177305,94858.9,3827.88,99.1694
110967,97215.7,82927.2,1766.07,99.5486
193000,173149,100503,3666.06,99.5846
243945,205582,101914,3805.56,99.9519
146058,163644,110879,3758.13,102.348
166586,158288,99760.1,3812.07,102.766
187458,194202,109935,3781.38,103.681
159782,181141,113280,3742.32,103.687
164375,158234,98545.4,3551.67,104.347
166203,154235,98185.9,3801.84,105.431
172207,173893,99911.7,3554.46,105.764
185941,171278,102445,3083.88,107.009
191096,135976,91781.2,3660.48,107.164
172742,169515,94073.8,3808.35,107.384
145292,162333,113948,3601.89,107.58
75067.2,88059.7,88542,3442.86,108.43
188276,149343,90574.8,3786.03,109.15
172231,160840,94510.9,3741.39,111.195
140106,196969,115837,3955.29,111.624
166813,141800,86311.1,1951.14,111.783
191318,221183,113234,3971.1,112.412
199404,166106,93528,3670.71,112.645
205986,175135,90674.3,3807.42,112.739
148707,174146,105681,3593.52,113.072
188933,156311,105156,3723.72,113.42
202167,185378,99679.4,3850.2,113.893
170577,169491,100686,3660.48,114.256
162680,114884,88364,3538.65,114.474
115319,155214,114081,3651.18,116.795
204759,193461,102321,3478.2,116.872
93422.2,135868,96366.5,3185.25,118.407
196976,154298,92876.9,3866.01,119.123
153429,199884,120265,3931.11,120.319
203777,201488,99875.5,3781.38,120.726
154176,155826,98476.5,3648.39,121.222
253752,224674,108258,3791.61,121.539
172615,171027,111127,3560.04,121.687
149761,159697,105681,3360.09,122.019
158743,128188,91841.7,3615.84,122.552
108196,120881,97265.2,3423.33,122.663
100081,116850,101530,3387.06,122.739
147340,131310,92049.9,3636.3,123.795
220758,202540,102617,3877.17,124.505
195054,218743,114588,3471.69,124.519
176201,147686,96043.3,3692.1,124.84
157594,219674,112186,3788.82,124.908
137164,159169,100698,3828.81,125.689
197061,193822,95897.9,3973.89,125.752
73465.2,54125.4,74127.8,1873.02,126.35
222972,220051,105198,4108.74,126.905
198304,172372,94537.6,3859.5,127.475
209174,186384,101004,3738.6,127.602
219239,194149,95502.2,3739.53,128.825
183773,177702,114795,3562.83,128.984
172199,165698,99642.6,3854.85,129.179
219429,229192,102155,4057.59,130.948
180768,164946,98721.3,3673.5,131.647
153573,172129,109496,3753.48,131.669
181678,168597,90364.2,2892.3,132.067
180814,161254,106382,3852.06,132.102
169964,147877,90990.1,3733.02,132.292
157735,153197,103232,3782.31,133.18
239729,233530,109444,3866.01,133.657
218177,220816,99788.9,3796.26,134.458
61455.6,67715.8,91571.3,2006.01,134.473
199787,127747,92791.7,3768.36,134.758
158460,187564,103051,3839.97,135.169
188179,180785,97702.7,3926.46,135.18
168846,192651,110006,3642.81,136.345
206980,204081,102839,3946.92,136.964
166878,149169,94639.1,3403.8,139.159
210458,201878,105051,3781.38,139.597
136245,182958,101125,3809.28,140.033
227250,189056,106906,3786.03,140.347
225998,206456,99972.7,4119.9,140.827
169661,142387,93017.8,3475.41,140.869
138168,178448,110598,3916.23,142.406
142143,217502,120881,3953.43,142.507
140984,105667,84419.2,1921.38,145.538
196769,176319,99719.6,3866.94,145.732
205365,191268,99449.7,4018.53,146.987
145532,197592,106889,3915.3,147.22
159096,169762,107737,3799.98,147.485
219898,208716,100354,3804.63,147.559
207826,196330,99413.3,4123.62,148.482
205121,186155,96747.4,3749.76,149.697
179266,174263,100315,3685.59,149.719
233927,238050,109279,3859.5,150.714
152196,180699,109303,3725.58,150.766
230664,203982,102915,3076.44,150.966
150038,142908,96717,3859.5,151.027
149128,174233,95828.3,3794.4,151.919
154099,175355,107471,3801.84,152.821
148309,145003,92647.4,4141.29,155.833
138801,163353,105344,3830.67,155.876
216142,191882,105670,3968.31,157.563
223857,193193,100583,4064.1,158.442
182480,180968,105024,4081.77,158.468
181086,165759,93266.1,3902.28,158.917
216300,213924,109188,3881.82,159.42
200001,178130,100444,3866.94,159.457
247951,229412,105464,3775.8,159.877
164527,147318,102148,3644.67,160.578
191910,188060,99691.8,4071.54,162.099
167588,165187,101580,3858.57,162.106
65175.1,112157,105678,3374.04,162.178
178610,168491,92383.7,4031.55,162.737
182152,179588,99926.7,3964.59,163.23
147552,128105,92011.4,3687.45,164.09
132984,152533,95721.7,3093.18,165.304
211472,171246,95529.9,3689.31,166.014
181614,199929,95226.3,3892.05,166.018
247710,226155,113376,3924.6,166.556
175450,146179,103891,3311.73,166.681
148203,209782,112712,4075.26,166.825
184267,188852,106791,3550.74,167.874
189986,178670,107270,3861.36,167.997
187843,207325,113242,3921.81,169.707
84658.3,86310,83225.4,1887.9,169.957
176717,158995,95973.2,3648.39,170.789
155592,175079,116119,3823.23,171.258
192910,224074,103500,3342.42,172.321
190620,124876,88771.9,3718.14,172.497
202134,171430,97096.3,3786.03,172.611
221059,201970,102145,3906,173.185
194628,183069,97269.4,3801.84,173.817
184617,144493,92738.8,3666.06,173.827
133170,123571,90039.5,1961.37,173.84
180246,134753,90982.9,3723.72,173.882
250602,213625,98309.8,4009.23,174.01
185301,184277,101389,3887.4,174.515
117009,135443,92093.3,4048.29,174.697
222502,162661,98275.6,3847.41,175.292
196663,123918,86676.1,3779.52,175.831
129669,104197,87856.6,2782.56,175.866
168117,137266,89061.8,1992.06,176.148
95927.8,110596,101517,3953.43,176.225
154608,191951,110370,3779.52,176.257
166898,145706,95473.9,3659.55,176.298
155603,170091,101742,3616.77,176.382
133731,145132,95402.7,3601.89,176.973
161500,164986,99496.9,3986.91,177.545
170864,168053,97363.9,3679.08,177.658
213291,224534,111715,3945.99,178.536
199464,176091,97263.3,3867.87,181.374
178017,171426,92865.9,2457.06,182.885
233698,154066,88609.5,3885.54,183.384
200580,185787,101600,3936.69,184.444
173884,211039,118239,3692.1,184.597
153998,141508,89904.9,3399.15,185.652
181021,141306,89881.4,3681.87,186.154
191366,201239,109747,3828.81,186.226
209178,202333,99906.7,3964.59,186.358
148315,211689,116015,2561.22,186.778
187305,141104,96134.8,3761.85,187.293
174445,176739,101671,3892.05,188.049
106312,120459,94589.3,1888.83,188.499
177951,179952,98664,1969.74,188.996
154126,130506,95175.2,3631.65,190.311
222018,168946,94797.2,3875.31,190.541
172768,187462,99584.2,3854.85,191.844
118166,105546,83830,2088.78,191.907
102792,108534,87611,2066.46,193.602
166975,142249,96024.3,3629.79,193.641
128089,136198,96476.4,3894.84,194.172
172450,181027,96117.4,3742.32,194.717
196562,192449,98917.2,3802.77,194.878
215650,227664,114532,3826.95,196.519
177510,163119,99143.5,3929.25,196.953
166277,125371,87934.1,3343.35,197.167
105954,151269,102612,3975.75,197.272
220717,194129,97569.2,4065.03,197.643
213995,175548,99621,3853.92,200.187
140512,214627,117034,3955.29,201.073
210547,196495,103199,3633.51,201.157
152119,213147,108254,2023.68,201.639
203818,163352,91621.8,3805.56,202.297
192367,177327,99136.9,3856.71,203.345
191958,162532,88516.1,3798.12,203.552
233756,211252,111114,3813.93,204.475
217976,218106,106304,3961.8,204.541
133307,135365,92942.7,2912.76,204.562
217774,198347,100084,4182.21,205.484
218334,214383,100888,4039.92,205.608
108338,183091,116185,3863.22,206.338
152145,134972,95061.1,3063.42,207.494
124374,150134,104515,3819.51,207.906
236022,214705,107836,3709.77,208.597
190438,146094,92284.2,3677.22,211.159
187862,150466,90493,3789.75,211.297
165172,176519,104126,3799.98,211.803
184700,149494,89582.1,3805.56,212.63
172090,182053,104970,3892.05,212.938
211861,213145,117946,4029.69,213.121
154665,142461,94515.7,3413.1,213.358
58115.5,102339,91457.9,1978.11,214.446
262143,197683,96103.7,4017.6,215.223
194727,145590,90705.1,3822.3,215.386
192017,165342,93898.3,3868.8,215.544
158178,144131,89996.3,3960.87,216.374
144546,156822,99286,3841.83,217.47
168623,161056,96283.2,3810.21,217.709
80315.3,161129,79932.6,4235.22,218.293
171552,149415,97225.5,3747.9,218.487
142883,140248,90632.3,3789.75,219.646
241696,208931,92551.2,4103.16,219.655
187539,174706,100683,4021.32,220.605
213281,182139,96248.6,3905.07,221.224
53765.3,61168,77108.2,2113.89,221.393
249852,218303,103213,3760.92,223.144
150178,186420,116380,3883.68,223.231
192534,157340,95078.1,3640.95,223.31
166784,159891,95298.1,3854.85,223.453
40038.5,58047.4,85072.6,3587.94,226.364
180897,178232,108037,3642.81,226.455
175229,190665,102879,3966.45,226.547
146352,187696,115553,3670.71,227.099
179564,195439,105663,3865.08,228.132
162250,152016,95168.3,3693.03,233.184
133731,157553,86832.2,3084.81,233.331
203398,156820,95576.4,3545.16,234.041
169757,156137,90701.4,2070.18,234.84
172922,190834,110907,3807.42,234.914
150409,147225,93389.6,1928.82,235.197
159721,159170,96705.8,3012.27,235.493
103139,160437,95406.2,3731.16,236.1
177327,165040,95251.1,3820.44,236.533
179942,177678,92835.3,3957.15,236.932
217703,192897,99754.5,3888.33,240.038
134752,135019,94087.1,3785.1,240.953
168364,166333,107814,3592.59,241.169
164819,131867,89360.9,3929.25,241.365
197845,162345,92167.5,3915.3,242.941
99046.8,145043,92771.2,3849.27,243.301
185769,182111,106912,3914.37,243.813
211711,210075,97131.8,4001.79,245.245
194306,179931,97722.9,3639.09,245.284
160024,162594,101918,3856.71,245.391
185885,204157,96488.9,3631.65,245.99
231275,188037,92727.6,3915.3,246.892
128235,140733,93087,3755.34,248.814
194288,152015,88604.7,3397.29,249.457
242150,231977,105379,3785.1,250.039
128084,88310,82095.5,1805.13,250.194
48758.4,71202.6,88619.2,1876.74,251.898
235183,226910,105270,4159.89,253.748
167129,147019,92789.3,3835.32,253.867
167162,162558,99695.2,4270.56,254.213
166491,152358,93726.8,3770.22,254.329
198072,227398,105328,3825.09,254.357
127030,128620,99339.3,3593.52,254.49
191279,167429,101488,3525.63,257.322
197137,179516,97164.9,4064.1,258.757
164945,142766,96285.4,3572.13,259.829
204902,167338,98378.7,3733.02,260.01
237272,179716,98014.3,3888.33,260.701
132283,171817,104524,3664.2,260.802
129200,191596,116770,3238.26,261.144
197890,169914,94708.5,3729.3,261.343
252508,202787,94455.2,3837.18,261.407
169427,177518,98943.9,3908.79,262.261
193437,192902,98448.8,3916.23,263.238
167489,139659,91508.8,3739.53,263.678
139816,146730,104070,3676.29,264.732
195566,164809,95813.1,4048.29,264.981
180261,150835,91951.5,3893.91,265.518
137523,127989,92279.1,3723.72,266.781
85859.3,135957,111854,2799.3,267.712
196455,164123,97505.2,3927.39,268.867
172861,176214,94292.9,4030.62,269.208
148610,217137,103087,4083.63,269.944
136194,127663,84407.3,2151.09,270.491
215906,229281,105342,2941.59,271.394
230949,219368,100779,4179.42,271.98
116410,159646,107155,3259.65,273.982
177956,152203,91939.3,3668.85,274.01
189772,138783,86621.8,3440.07,275.8
191766,186317,105972,3708.84,276.325
146474,124527,91166.4,3687.45,278.273
98548.6,118818,93206.7,3921.81,278.398
196482,198920,97984.5,3932.97,278.566
130512,138519,95683.8,2657.94,278.675
46517.8,93670.9,91154.8,1891.62,279.006
169597,118708,95286.2,3411.24,279.639
195657,102542,81610.3,3643.74,279.643
234800,196847,97225.7,3962.73,279.783
190112,199614,111847,3685.59,280.154
181121,130975,88591.2,3867.87,281.608
161448,148109,98064.9,3778.59,281.745
84879.4,113310,85340.4,2052.51,281.989
162713,157549,91985.7,2198.52,282.52
137460,186016,104473,3638.16,283.142
192635,201319,107624,3972.96,283.77
180074,156766,96289.6,3727.44,284.233
179759,164347,93863.4,3790.68,286.391
216991,161396,96569.4,3469.83,289.374
173735,132264,89328.1,1893.48,291.173
174856,132465,85182.5,2015.31,292.818
218552,204154,101893,3781.38,292.85
189280,159621,93743.4,3764.64,293.103
219114,206853,99116.4,3920.88,295.582
143672,211032,113891,3826.95,295.687
153808,163579,97836.3,3820.44,296.356
73821.6,114971,96806.3,1994.85,296.361
246388,232447,110122,4016.67,298.344
212376,163794,94943.5,3811.14,298.777
168675,159571,102612,3699.54,300.826
196731,204951,108842,3766.5,301.977
86948.6,90521.8,99616,2077.62,302.767
163350,165547,105316,4121.76,303.56
181560,168633,96404.8,3799.05,303.578
178546,176359,102245,3903.21,303.627
181267,166896,104392,3786.03,304.037
190737,219519,108361,4003.65,304.501
165028,121183,88839.3,3726.51,304.91
185295,169688,95913.6,3809.28,306.484
215478,162655,92561.6,3959.01,307.056
201373,142613,92776.1,3734.88,308.367
238671,235735,108520,3698.61,308.956
111784,123284,95565.2,3387.06,310.099
193244,193764,102992,3934.83,310.31
163805,210603,104997,2029.26,310.325
178494,182204,104229,3853.92,310.573
191434,198390,100098,3794.4,310.943
162622,139983,86670.5,3046.68,311.562
146215,180813,106837,3927.39,312.373
192577,192426,103953,3877.17,313.119
46152.7,56413.6,80869.7,1902.78,313.442
201317,220093,110900,3918.09,313.96
194265,174465,98663.1,3720.93,314.22
193932,184250,102962,3799.98,316.747
212036,219754,109149,4063.17,317.264
153284,178986,108402,3865.08,317.805
95086.1,158321,107478,3977.61,318.154
188875,226173,102549,3853.92,320.876
158614,125535,96008.8,2121.33,320.997
184304,181235,95881.5,3879.96,322.535
214975,205548,103871,3906,322.627
180130,153486,90497.5,3789.75,323.055
161666,142736,93873.1,3783.24,324.392
181408,162990,100726,3718.14,325.36
170076,175589,99054.6,3792.54,325.665
209642,175515,96376.1,3932.04,326.807
206595,159818,90807.3,3831.6,326.939
191304,226482,116107,3882.75,327.185
171052,169023,96035.3,3590.73,328.799
216081,215681,97634.7,3728.37,329.499
211928,204675,111437,3776.73,330.665
131802,144393,112977,3704.19,331.349
233932,227895,103616,3959.01,332.571
158995,148984,87818.4,3621.42,335.663
175262,192796,101537,4264.05,336.374
170911,155901,95747.9,3560.97,336.45
179010,170364,95325.2,3868.8,337.289
92203.9,130105,94764.9,3865.08,337.482
161294,127513,87777.5,2343.6,338.028
219807,220270,106410,4017.6,339.703
183905,198216,106830,3516.33,339.988
142898,141848,91437.4,1846.05,341.268
252189,211358,109227,3985.98,342.537
192549,195015,109556,3924.6,342.567
207996,195753,101394,3959.01,342.871
71160.5,123826,95962.5,3653.04,345.142
195450,217485,108253,3950.64,345.3
184248,208858,116221,3853.92,345.484
224420,193438,103928,3922.74,345.577
176233,153539,100587,3795.33,345.693
202998,185368,107298,3854.85,346.822
205569,213806,114166,3757.2,347.439
206330,196782,97248.3,3689.31,347.761
134535,133305,93319.1,3470.76,350.047
215444,210146,102179,3955.29,350.208
184498,172078,93019.5,3943.2,350.231
211150,224571,110915,3944.13,350.599
194195,218705,112186,3950.64,351.665
79647.8,110352,98128.4,3868.8,351.807
187446,225645,116095,4038.99,352.894
172074,159102,97974.2,3899.49,354.025
155605,159961,96440.9,3752.55,356.611
134817,159741,98960.1,3613.05,357.841
189104,160069,92197.8,3695.82,358.472
205471,168828,96177.3,3712.56,360.59
172029,142114,89628.5,2829.06,361.348
103593,96977.2,88866.9,2598.42,365.129
83026.1,103762,84669.4,3797.19,365.321
169839,161066,91811.8,2914.62,365.91
169597,119417,88533.6,3549.81,366.426
200112,157555,95223.4,3559.11,368.901
194916,191849,99767.8,3445.65,372.045
111032,171842,101809,3800.91,372.319
142332,149792,107281,3501.45,372.862
174994,150110,91412.1,1996.71,373.257
222111,234202,110863,3884.61,374.664
190765,158743,91934.4,3866.94,374.983
157000,148795,100835,3712.56,375.57
171621,186553,105456,3112.71,376.434
145547,157698,101659,3527.49,383.867
190454,180852,103868,3675.36,385.092
167227,141586,94521.6,3853.92,385.795
223248,177030,94379.1,3692.1,385.999
175000,179494,107947,3714.42,387.172
225319,178740,93912.7,3733.95,388.389
212387,166752,96751.2,3890.19,390.601
107324,165732,106250,3856.71,394.824
162508,119484,85503.7,3426.12,396.907
199606,169678,109968,3436.35,397.981
95908.3,119949,95593.7,3805.56,399.183
200943,228388,109319,3932.97,400.251
170990,171373,102495,3653.04,400.599
165858,167661,95953,3946.92,402.774
98862.5,173690,106685,3986.91,402.785
208395,164492,93101.8,3685.59,403.333
99722.2,112685,92329,3785.1,405.599
83009.5,112206,98105,2883.93,409.699
159085,212649,113730,3772.08,413.68
133729,142634,95856.5,2135.28,414.444
159129,151963,89788.1,2043.21,416.09
144209,112820,90769.3,3286.62,417.537
210615,238889,110311,3904.14,421.925
73203.8,88050.5,88481.2,3746.04,423.01
87991.2,143196,102454,3894.84,424.624
84878.6,87067.7,89698.3,3920.88,426.036
101713,86644.3,86054.7,1778.16,428.354
201691,198904,104541,4061.31,429.068
155385,205209,106815,3949.71,429.309
119942,120244,91245.5,3754.41,430.976
99523.4,129514,105256,3708.84,431.398
191865,183162,100386,3694.89,432.783
94573.4,120334,91610.8,3838.11,434.878
153298,142361,96330,3742.32,440.848
213952,204854,100247,3924.6,441.137
156290,173526,110638,3858.57,444.605
192188,151203,92757.7,2079.48,445.606
112074,131987,98310.8,3979.47,447.028
114501,116221,103021,3657.69,450.231
81457.9,90347,89748.6,3474.48,451.926
178758,156793,100140,3733.02,460.391
183183,171711,102582,3622.35,464.887
96477.1,116812,96919.7,3869.73,468.059
165771,141822,93460.5,3412.17,487.261
167640,130867,94433,2753.73,487.275
238386,207273,100442,3743.25,492.823
153069,154842,106326,3685.59,493.086
120907,167150,112384,3854.85,493.805
110902,138154,85455.9,3092.25,502.205
105059,141662,98254.3,2459.85,504.151
89403.8,107184,92265,3605.61,508.075
52385,76634,84136.7,2125.05,510.047
214762,164517,90994.2,3848.34,514.108
210099,208209,107703,3818.58,520.848
83689.9,91468.4,81936.5,1785.6,522.59
229803,217182,110162,3724.65,525.822
48335,57970.1,84107.3,2271.99,534.336
208780,146126,90140.6,3576.78,539.325
98559.4,123295,98559.2,4049.22,559.812
115667,151348,98594.8,3743.25,570.039
168773,162579,98930.4,3789.75,579.807
200164,144895,92074.6,3722.79,580.972
197539,223033,115499,3836.25,583.298
238235,179005,91305.2,3765.57,584.41
171091,180903,106496,3851.13,596.403
92461,134748,110625,3954.36,607.086
123934,157429,105030,3650.25,613.958
171683,167074,94996.4,3813,613.984
